{"cameraMode":{"drawMode":0,"name":"Shaded","section":"Shading Mode"},"sceneLighting":true,"audioPlay":false,"sceneViewState":{"showFog":true,"showMaterialUpdate":false,"showSkybox":true,"showFlares":true,"showImageEffects":true,"showParticleSystems":true},"in2DMode":false,"pivot":{"x":-23.24582862854004,"y":-0.034848690032958987,"z":29.049734115600587},"rotation":{"x":0.03857849910855293,"y":0.9062957763671875,"z":-0.0848134383559227,"w":0.41224560141563418},"size":22.46356773376465,"orthographic":false}